-- init.sql
CREATE DATABASE gestao_materiais;
GRANT ALL PRIVILEGES ON DATABASE gestao_materiais TO postgres;


CREATE TABLE public.auth_group (
    id integer NOT NULL,
    name character varying(150) NOT NULL
);


ALTER TABLE public.auth_group OWNER TO postgres;

--
-- TOC entry 220 (class 1259 OID 16407)
-- Name: auth_group_id_seq; Type: SEQUENCE; Schema: public; Owner: postgres
--

ALTER TABLE public.auth_group ALTER COLUMN id ADD GENERATED BY DEFAULT AS IDENTITY (
    SEQUENCE NAME public.auth_group_id_seq
    START WITH 1
    INCREMENT BY 1
    NO MINVALUE
    NO MAXVALUE
    CACHE 1
);


--
-- TOC entry 223 (class 1259 OID 16416)
-- Name: auth_group_permissions; Type: TABLE; Schema: public; Owner: postgres
--

CREATE TABLE public.auth_group_permissions (
    id bigint NOT NULL,
    group_id integer NOT NULL,
    permission_id integer NOT NULL
);


ALTER TABLE public.auth_group_permissions OWNER TO postgres;

--
-- TOC entry 222 (class 1259 OID 16415)
-- Name: auth_group_permissions_id_seq; Type: SEQUENCE; Schema: public; Owner: postgres
--

ALTER TABLE public.auth_group_permissions ALTER COLUMN id ADD GENERATED BY DEFAULT AS IDENTITY (
    SEQUENCE NAME public.auth_group_permissions_id_seq
    START WITH 1
    INCREMENT BY 1
    NO MINVALUE
    NO MAXVALUE
    CACHE 1
);


--
-- TOC entry 219 (class 1259 OID 16402)
-- Name: auth_permission; Type: TABLE; Schema: public; Owner: postgres
--

CREATE TABLE public.auth_permission (
    id integer NOT NULL,
    name character varying(255) NOT NULL,
    content_type_id integer NOT NULL,
    codename character varying(100) NOT NULL
);


ALTER TABLE public.auth_permission OWNER TO postgres;

--
-- TOC entry 218 (class 1259 OID 16401)
-- Name: auth_permission_id_seq; Type: SEQUENCE; Schema: public; Owner: postgres
--

ALTER TABLE public.auth_permission ALTER COLUMN id ADD GENERATED BY DEFAULT AS IDENTITY (
    SEQUENCE NAME public.auth_permission_id_seq
    START WITH 1
    INCREMENT BY 1
    NO MINVALUE
    NO MAXVALUE
    CACHE 1
);


--
-- TOC entry 225 (class 1259 OID 16422)
-- Name: auth_user; Type: TABLE; Schema: public; Owner: postgres
--

CREATE TABLE public.auth_user (
    id integer NOT NULL,
    password character varying(128) NOT NULL,
    last_login timestamp with time zone,
    is_superuser boolean NOT NULL,
    username character varying(150) NOT NULL,
    first_name character varying(150) NOT NULL,
    last_name character varying(150) NOT NULL,
    email character varying(254) NOT NULL,
    is_staff boolean NOT NULL,
    is_active boolean NOT NULL,
    date_joined timestamp with time zone NOT NULL
);


ALTER TABLE public.auth_user OWNER TO postgres;

--
-- TOC entry 227 (class 1259 OID 16430)
-- Name: auth_user_groups; Type: TABLE; Schema: public; Owner: postgres
--

CREATE TABLE public.auth_user_groups (
    id bigint NOT NULL,
    user_id integer NOT NULL,
    group_id integer NOT NULL
);


ALTER TABLE public.auth_user_groups OWNER TO postgres;

--
-- TOC entry 226 (class 1259 OID 16429)
-- Name: auth_user_groups_id_seq; Type: SEQUENCE; Schema: public; Owner: postgres
--

ALTER TABLE public.auth_user_groups ALTER COLUMN id ADD GENERATED BY DEFAULT AS IDENTITY (
    SEQUENCE NAME public.auth_user_groups_id_seq
    START WITH 1
    INCREMENT BY 1
    NO MINVALUE
    NO MAXVALUE
    CACHE 1
);


--
-- TOC entry 224 (class 1259 OID 16421)
-- Name: auth_user_id_seq; Type: SEQUENCE; Schema: public; Owner: postgres
--

ALTER TABLE public.auth_user ALTER COLUMN id ADD GENERATED BY DEFAULT AS IDENTITY (
    SEQUENCE NAME public.auth_user_id_seq
    START WITH 1
    INCREMENT BY 1
    NO MINVALUE
    NO MAXVALUE
    CACHE 1
);


--
-- TOC entry 229 (class 1259 OID 16436)
-- Name: auth_user_user_permissions; Type: TABLE; Schema: public; Owner: postgres
--

CREATE TABLE public.auth_user_user_permissions (
    id bigint NOT NULL,
    user_id integer NOT NULL,
    permission_id integer NOT NULL
);


ALTER TABLE public.auth_user_user_permissions OWNER TO postgres;

--
-- TOC entry 228 (class 1259 OID 16435)
-- Name: auth_user_user_permissions_id_seq; Type: SEQUENCE; Schema: public; Owner: postgres
--

ALTER TABLE public.auth_user_user_permissions ALTER COLUMN id ADD GENERATED BY DEFAULT AS IDENTITY (
    SEQUENCE NAME public.auth_user_user_permissions_id_seq
    START WITH 1
    INCREMENT BY 1
    NO MINVALUE
    NO MAXVALUE
    CACHE 1
);


--
-- TOC entry 231 (class 1259 OID 16494)
-- Name: django_admin_log; Type: TABLE; Schema: public; Owner: postgres
--

CREATE TABLE public.django_admin_log (
    id integer NOT NULL,
    action_time timestamp with time zone NOT NULL,
    object_id text,
    object_repr character varying(200) NOT NULL,
    action_flag smallint NOT NULL,
    change_message text NOT NULL,
    content_type_id integer,
    user_id integer NOT NULL,
    CONSTRAINT django_admin_log_action_flag_check CHECK ((action_flag >= 0))
);


ALTER TABLE public.django_admin_log OWNER TO postgres;

--
-- TOC entry 230 (class 1259 OID 16493)
-- Name: django_admin_log_id_seq; Type: SEQUENCE; Schema: public; Owner: postgres
--

ALTER TABLE public.django_admin_log ALTER COLUMN id ADD GENERATED BY DEFAULT AS IDENTITY (
    SEQUENCE NAME public.django_admin_log_id_seq
    START WITH 1
    INCREMENT BY 1
    NO MINVALUE
    NO MAXVALUE
    CACHE 1
);


--
-- TOC entry 217 (class 1259 OID 16394)
-- Name: django_content_type; Type: TABLE; Schema: public; Owner: postgres
--

CREATE TABLE public.django_content_type (
    id integer NOT NULL,
    app_label character varying(100) NOT NULL,
    model character varying(100) NOT NULL
);


ALTER TABLE public.django_content_type OWNER TO postgres;

--
-- TOC entry 216 (class 1259 OID 16393)
-- Name: django_content_type_id_seq; Type: SEQUENCE; Schema: public; Owner: postgres
--

ALTER TABLE public.django_content_type ALTER COLUMN id ADD GENERATED BY DEFAULT AS IDENTITY (
    SEQUENCE NAME public.django_content_type_id_seq
    START WITH 1
    INCREMENT BY 1
    NO MINVALUE
    NO MAXVALUE
    CACHE 1
);


--
-- TOC entry 215 (class 1259 OID 16386)
-- Name: django_migrations; Type: TABLE; Schema: public; Owner: postgres
--
-- Criar usuário administrativo do Django
INSERT INTO public.auth_user (password, last_login, is_superuser, username, first_name, last_name, email, is_staff, is_active, date_joined)
VALUES ('admin.gt', NULL, TRUE, 'admin', 'Admin', 'User', 'admin@mail.gt', TRUE, TRUE, NOW());

-- Associar permissões de superusuário ao usuário
INSERT INTO public.auth_user_user_permissions (user_id, permission_id)
SELECT id, 1
FROM public.auth_user
WHERE username = 'admin';

CREATE TABLE public.django_migrations (
    id bigint NOT NULL,
    app character varying(255) NOT NULL,
    name character varying(255) NOT NULL,
    applied timestamp with time zone NOT NULL
);


ALTER TABLE public.django_migrations OWNER TO postgres;

--
-- TOC entry 214 (class 1259 OID 16385)
-- Name: django_migrations_id_seq; Type: SEQUENCE; Schema: public; Owner: postgres
--

ALTER TABLE public.django_migrations ALTER COLUMN id ADD GENERATED BY DEFAULT AS IDENTITY (
    SEQUENCE NAME public.django_migrations_id_seq
    START WITH 1
    INCREMENT BY 1
    NO MINVALUE
    NO MAXVALUE
    CACHE 1
);


--
-- TOC entry 242 (class 1259 OID 16606)
-- Name: django_session; Type: TABLE; Schema: public; Owner: postgres
--

CREATE TABLE public.django_session (
    session_key character varying(40) NOT NULL,
    session_data text NOT NULL,
    expire_date timestamp with time zone NOT NULL
);


ALTER TABLE public.django_session OWNER TO postgres;

--
-- TOC entry 241 (class 1259 OID 16553)
-- Name: materiais_comment; Type: TABLE; Schema: public; Owner: postgres
--

CREATE TABLE public.materiais_comment (
    id bigint NOT NULL,
    comment character varying(200) NOT NULL,
    created_at timestamp with time zone NOT NULL,
    updated_at timestamp with time zone NOT NULL,
    material_id bigint NOT NULL,
    user_id bigint NOT NULL
);


ALTER TABLE public.materiais_comment OWNER TO postgres;

--
-- TOC entry 240 (class 1259 OID 16552)
-- Name: materiais_comment_id_seq; Type: SEQUENCE; Schema: public; Owner: postgres
--

ALTER TABLE public.materiais_comment ALTER COLUMN id ADD GENERATED BY DEFAULT AS IDENTITY (
    SEQUENCE NAME public.materiais_comment_id_seq
    START WITH 1
    INCREMENT BY 1
    NO MINVALUE
    NO MAXVALUE
    CACHE 1
);


--
-- TOC entry 239 (class 1259 OID 16547)
-- Name: materiais_material; Type: TABLE; Schema: public; Owner: postgres
--

CREATE TABLE public.materiais_material (
    id bigint NOT NULL,
    tipo character varying(2) NOT NULL,
    name character varying(50) NOT NULL,
    description character varying(200) NOT NULL,
    image character varying(100) NOT NULL,
    active boolean NOT NULL,
    created_at timestamp with time zone NOT NULL,
    updated_at timestamp with time zone NOT NULL,
    user_id bigint NOT NULL
);


ALTER TABLE public.materiais_material OWNER TO postgres;

--
-- TOC entry 238 (class 1259 OID 16546)
-- Name: materiais_material_id_seq; Type: SEQUENCE; Schema: public; Owner: postgres
--

ALTER TABLE public.materiais_material ALTER COLUMN id ADD GENERATED BY DEFAULT AS IDENTITY (
    SEQUENCE NAME public.materiais_material_id_seq
    START WITH 1
    INCREMENT BY 1
    NO MINVALUE
    NO MAXVALUE
    CACHE 1
);


--
-- TOC entry 233 (class 1259 OID 16523)
-- Name: materiais_user; Type: TABLE; Schema: public; Owner: postgres
--

CREATE TABLE public.materiais_user (
    id bigint NOT NULL,
    password character varying(128) NOT NULL,
    is_superuser boolean NOT NULL,
    username character varying(150) NOT NULL,
    first_name character varying(150) NOT NULL,
    last_name character varying(150) NOT NULL,
    is_staff boolean NOT NULL,
    is_active boolean NOT NULL,
    date_joined timestamp with time zone NOT NULL,
    gender character varying(1) NOT NULL,
    email character varying(254) NOT NULL,
    foto character varying(100) NOT NULL,
    last_login timestamp with time zone NOT NULL
);


ALTER TABLE public.materiais_user OWNER TO postgres;

--
-- TOC entry 235 (class 1259 OID 16535)
-- Name: materiais_user_groups; Type: TABLE; Schema: public; Owner: postgres
--

CREATE TABLE public.materiais_user_groups (
    id bigint NOT NULL,
    user_id bigint NOT NULL,
    group_id integer NOT NULL
);


ALTER TABLE public.materiais_user_groups OWNER TO postgres;

--
-- TOC entry 234 (class 1259 OID 16534)
-- Name: materiais_user_groups_id_seq; Type: SEQUENCE; Schema: public; Owner: postgres
--

ALTER TABLE public.materiais_user_groups ALTER COLUMN id ADD GENERATED BY DEFAULT AS IDENTITY (
    SEQUENCE NAME public.materiais_user_groups_id_seq
    START WITH 1
    INCREMENT BY 1
    NO MINVALUE
    NO MAXVALUE
    CACHE 1
);


--
-- TOC entry 232 (class 1259 OID 16522)
-- Name: materiais_user_id_seq; Type: SEQUENCE; Schema: public; Owner: postgres
--

ALTER TABLE public.materiais_user ALTER COLUMN id ADD GENERATED BY DEFAULT AS IDENTITY (
    SEQUENCE NAME public.materiais_user_id_seq
    START WITH 1
    INCREMENT BY 1
    NO MINVALUE
    NO MAXVALUE
    CACHE 1
);


--
-- TOC entry 237 (class 1259 OID 16541)
-- Name: materiais_user_user_permissions; Type: TABLE; Schema: public; Owner: postgres
--

CREATE TABLE public.materiais_user_user_permissions (
    id bigint NOT NULL,
    user_id bigint NOT NULL,
    group_id integer NOT NULL
);


ALTER TABLE public.materiais_user_user_permissions OWNER TO postgres;

--
-- TOC entry 236 (class 1259 OID 16540)
-- Name: materiais_user_user_permissions_id_seq; Type: SEQUENCE; Schema: public; Owner: postgres
--

ALTER TABLE public.materiais_user_user_permissions ALTER COLUMN id ADD GENERATED BY DEFAULT AS IDENTITY (
    SEQUENCE NAME public.materiais_user_user_permissions_id_seq
    START WITH 1
    INCREMENT BY 1
    NO MINVALUE
    NO MAXVALUE
    CACHE 1
);


--
-- TOC entry 3485 (class 0 OID 16408)
-- Dependencies: 221
-- Data for Name: auth_group; Type: TABLE DATA; Schema: public; Owner: postgres
--

COPY public.auth_group (id, name) FROM stdin;
\.


--
-- TOC entry 3487 (class 0 OID 16416)
-- Dependencies: 223
-- Data for Name: auth_group_permissions; Type: TABLE DATA; Schema: public; Owner: postgres
--

COPY public.auth_group_permissions (id, group_id, permission_id) FROM stdin;
\.


--
-- TOC entry 3483 (class 0 OID 16402)
-- Dependencies: 219
-- Data for Name: auth_permission; Type: TABLE DATA; Schema: public; Owner: postgres
--

COPY public.auth_permission (id, name, content_type_id, codename) FROM stdin;
1	Can add log entry	1	add_logentry
2	Can change log entry	1	change_logentry
3	Can delete log entry	1	delete_logentry
4	Can view log entry	1	view_logentry
5	Can add permission	2	add_permission
6	Can change permission	2	change_permission
7	Can delete permission	2	delete_permission
8	Can view permission	2	view_permission
9	Can add group	3	add_group
10	Can change group	3	change_group
11	Can delete group	3	delete_group
12	Can view group	3	view_group
13	Can add user	4	add_user
14	Can change user	4	change_user
15	Can delete user	4	delete_user
16	Can view user	4	view_user
17	Can add content type	5	add_contenttype
18	Can change content type	5	change_contenttype
19	Can delete content type	5	delete_contenttype
20	Can view content type	5	view_contenttype
21	Can add session	6	add_session
22	Can change session	6	change_session
23	Can delete session	6	delete_session
24	Can view session	6	view_session
25	Can add user	7	add_user
26	Can change user	7	change_user
27	Can delete user	7	delete_user
28	Can view user	7	view_user
29	Can add material	8	add_material
30	Can change material	8	change_material
31	Can delete material	8	delete_material
32	Can view material	8	view_material
33	Can add comment	9	add_comment
34	Can change comment	9	change_comment
35	Can delete comment	9	delete_comment
36	Can view comment	9	view_comment
\.


--
-- TOC entry 3489 (class 0 OID 16422)
-- Dependencies: 225
-- Data for Name: auth_user; Type: TABLE DATA; Schema: public; Owner: postgres
--

COPY public.auth_user (id, password, last_login, is_superuser, username, first_name, last_name, email, is_staff, is_active, date_joined) FROM stdin;
1	pbkdf2_sha256$390000$fthBkkhchJDFmcMIb5xAH7$6LA4gW0xPj8MO1327h7/MEQagYZ1GEBUw0agpKWS2fE=	2023-06-17 00:30:57.262274+00	t	gt.admin				t	t	2023-06-17 00:24:25.443599+00
\.


--
-- TOC entry 3491 (class 0 OID 16430)
-- Dependencies: 227
-- Data for Name: auth_user_groups; Type: TABLE DATA; Schema: public; Owner: postgres
--

COPY public.auth_user_groups (id, user_id, group_id) FROM stdin;
\.


--
-- TOC entry 3493 (class 0 OID 16436)
-- Dependencies: 229
-- Data for Name: auth_user_user_permissions; Type: TABLE DATA; Schema: public; Owner: postgres
--

COPY public.auth_user_user_permissions (id, user_id, permission_id) FROM stdin;
\.


--
-- TOC entry 3495 (class 0 OID 16494)
-- Dependencies: 231
-- Data for Name: django_admin_log; Type: TABLE DATA; Schema: public; Owner: postgres
--

COPY public.django_admin_log (id, action_time, object_id, object_repr, action_flag, change_message, content_type_id, user_id) FROM stdin;
1	2023-06-17 00:25:15.332591+00	1	rteryreyeyer	1	[{"added": {}}]	7	1
2	2023-06-17 00:26:25.74831+00	1	rteryreyeyer	2	[{"changed": {"fields": ["Superuser status", "Staff status"]}}]	7	1
3	2023-06-17 00:27:45.857604+00	1	root	1	[{"added": {}}]	3	1
4	2023-06-17 00:28:46.743367+00	2	34534	1	[{"added": {}}]	7	1
5	2023-06-17 00:29:00.722989+00	2	34534	3		7	1
6	2023-06-17 00:29:00.736401+00	1	rteryreyeyer	3		7	1
7	2023-06-17 00:30:13.235531+00	3	kaka	1	[{"added": {}}]	7	1
8	2023-06-17 00:31:19.972235+00	1	root	3		3	1
\.


--
-- TOC entry 3481 (class 0 OID 16394)
-- Dependencies: 217
-- Data for Name: django_content_type; Type: TABLE DATA; Schema: public; Owner: postgres
--

COPY public.django_content_type (id, app_label, model) FROM stdin;
1	admin	logentry
2	auth	permission
3	auth	group
4	auth	user
5	contenttypes	contenttype
6	sessions	session
7	materiais	user
8	materiais	material
9	materiais	comment
\.


--
-- TOC entry 3479 (class 0 OID 16386)
-- Dependencies: 215
-- Data for Name: django_migrations; Type: TABLE DATA; Schema: public; Owner: postgres
--

COPY public.django_migrations (id, app, name, applied) FROM stdin;
1	contenttypes	0001_initial	2023-05-29 00:58:30.568274+00
2	auth	0001_initial	2023-05-29 00:58:30.684763+00
3	admin	0001_initial	2023-05-29 00:58:30.731688+00
4	admin	0002_logentry_remove_auto_add	2023-05-29 00:58:30.752968+00
5	admin	0003_logentry_add_action_flag_choices	2023-05-29 00:58:30.770218+00
6	contenttypes	0002_remove_content_type_name	2023-05-29 00:58:30.823221+00
7	auth	0002_alter_permission_name_max_length	2023-05-29 00:58:30.848538+00
8	auth	0003_alter_user_email_max_length	2023-05-29 00:58:30.870859+00
9	auth	0004_alter_user_username_opts	2023-05-29 00:58:30.896518+00
10	auth	0005_alter_user_last_login_null	2023-05-29 00:58:30.917307+00
11	auth	0006_require_contenttypes_0002	2023-05-29 00:58:30.922837+00
12	auth	0007_alter_validators_add_error_messages	2023-05-29 00:58:30.943889+00
13	auth	0008_alter_user_username_max_length	2023-05-29 00:58:30.9658+00
14	auth	0009_alter_user_last_name_max_length	2023-05-29 00:58:30.985153+00
15	auth	0010_alter_group_name_max_length	2023-05-29 00:58:31.005469+00
16	auth	0011_update_proxy_permissions	2023-05-29 00:58:31.023433+00
17	auth	0012_alter_user_first_name_max_length	2023-05-29 00:58:31.043456+00
18	materiais	0001_initial	2023-05-29 00:58:31.196066+00
19	sessions	0001_initial	2023-05-29 00:58:31.224845+00
\.


--
-- TOC entry 3506 (class 0 OID 16606)
-- Dependencies: 242
-- Data for Name: django_session; Type: TABLE DATA; Schema: public; Owner: postgres
--

COPY public.django_session (session_key, session_data, expire_date) FROM stdin;
8o81kx73jrs9yy1lgqwr1kj8sas09n3v	.eJxVjMsOwiAQRf-FtSFSHoJL9_0GMswwUjWQlHZl_HfbpAvd3nPOfYsI61Li2vMcJxJXocTpd0uAz1x3QA-o9yax1WWektwVedAux0b5dTvcv4MCvWy1g-RZERrypD0gOsM8qIAusWbLITnrsx0IraJggkvZaCR_VmrLLiA-XxGNONI:1qAJqD:JkpqoOWGz8eHrtQ_7c_-LYxUUayihnWhxSmNkyQL_Pk	2023-07-01 00:30:57.266021+00
\.


--
-- TOC entry 3505 (class 0 OID 16553)
-- Dependencies: 241
-- Data for Name: materiais_comment; Type: TABLE DATA; Schema: public; Owner: postgres
--

COPY public.materiais_comment (id, comment, created_at, updated_at, material_id, user_id) FROM stdin;
\.


--
-- TOC entry 3503 (class 0 OID 16547)
-- Dependencies: 239
-- Data for Name: materiais_material; Type: TABLE DATA; Schema: public; Owner: postgres
--

COPY public.materiais_material (id, tipo, name, description, image, active, created_at, updated_at, user_id) FROM stdin;
\.


--
-- TOC entry 3497 (class 0 OID 16523)
-- Dependencies: 233
-- Data for Name: materiais_user; Type: TABLE DATA; Schema: public; Owner: postgres
--

COPY public.materiais_user (id, password, is_superuser, username, first_name, last_name, is_staff, is_active, date_joined, gender, email, foto, last_login) FROM stdin;
3	pbkdf2_sha256$390000$dKwGa2qhiUDUGUl0zIFUcI$Yedc3BglBASANF93ue2q61Yms9j/GQmt/8Gte8VJjsE=	t	kaka			t	t	2023-06-17 00:29:32+00	M	wrwerwe@mail.com		2023-06-17 00:30:13.224006+00
\.


--
-- TOC entry 3499 (class 0 OID 16535)
-- Dependencies: 235
-- Data for Name: materiais_user_groups; Type: TABLE DATA; Schema: public; Owner: postgres
--

COPY public.materiais_user_groups (id, user_id, group_id) FROM stdin;
\.


--
-- TOC entry 3501 (class 0 OID 16541)
-- Dependencies: 237
-- Data for Name: materiais_user_user_permissions; Type: TABLE DATA; Schema: public; Owner: postgres
--

COPY public.materiais_user_user_permissions (id, user_id, group_id) FROM stdin;
\.


--
-- TOC entry 3512 (class 0 OID 0)
-- Dependencies: 220
-- Name: auth_group_id_seq; Type: SEQUENCE SET; Schema: public; Owner: postgres
--

SELECT pg_catalog.setval('public.auth_group_id_seq', 1, true);


--
-- TOC entry 3513 (class 0 OID 0)
-- Dependencies: 222
-- Name: auth_group_permissions_id_seq; Type: SEQUENCE SET; Schema: public; Owner: postgres
--

SELECT pg_catalog.setval('public.auth_group_permissions_id_seq', 1, false);


--
-- TOC entry 3514 (class 0 OID 0)
-- Dependencies: 218
-- Name: auth_permission_id_seq; Type: SEQUENCE SET; Schema: public; Owner: postgres
--

SELECT pg_catalog.setval('public.auth_permission_id_seq', 36, true);


--
-- TOC entry 3515 (class 0 OID 0)
-- Dependencies: 226
-- Name: auth_user_groups_id_seq; Type: SEQUENCE SET; Schema: public; Owner: postgres
--

SELECT pg_catalog.setval('public.auth_user_groups_id_seq', 1, false);


--
-- TOC entry 3516 (class 0 OID 0)
-- Dependencies: 224
-- Name: auth_user_id_seq; Type: SEQUENCE SET; Schema: public; Owner: postgres
--

SELECT pg_catalog.setval('public.auth_user_id_seq', 1, true);


--
-- TOC entry 3517 (class 0 OID 0)
-- Dependencies: 228
-- Name: auth_user_user_permissions_id_seq; Type: SEQUENCE SET; Schema: public; Owner: postgres
--

SELECT pg_catalog.setval('public.auth_user_user_permissions_id_seq', 1, false);


--
-- TOC entry 3518 (class 0 OID 0)
-- Dependencies: 230
-- Name: django_admin_log_id_seq; Type: SEQUENCE SET; Schema: public; Owner: postgres
--

SELECT pg_catalog.setval('public.django_admin_log_id_seq', 8, true);


--
-- TOC entry 3519 (class 0 OID 0)
-- Dependencies: 216
-- Name: django_content_type_id_seq; Type: SEQUENCE SET; Schema: public; Owner: postgres
--

SELECT pg_catalog.setval('public.django_content_type_id_seq', 9, true);


--
-- TOC entry 3520 (class 0 OID 0)
-- Dependencies: 214
-- Name: django_migrations_id_seq; Type: SEQUENCE SET; Schema: public; Owner: postgres
--

SELECT pg_catalog.setval('public.django_migrations_id_seq', 19, true);


--
-- TOC entry 3521 (class 0 OID 0)
-- Dependencies: 240
-- Name: materiais_comment_id_seq; Type: SEQUENCE SET; Schema: public; Owner: postgres
--

SELECT pg_catalog.setval('public.materiais_comment_id_seq', 1, false);


--
-- TOC entry 3522 (class 0 OID 0)
-- Dependencies: 238
-- Name: materiais_material_id_seq; Type: SEQUENCE SET; Schema: public; Owner: postgres
--

SELECT pg_catalog.setval('public.materiais_material_id_seq', 1, false);


--
-- TOC entry 3523 (class 0 OID 0)
-- Dependencies: 234
-- Name: materiais_user_groups_id_seq; Type: SEQUENCE SET; Schema: public; Owner: postgres
--

SELECT pg_catalog.setval('public.materiais_user_groups_id_seq', 1, true);


--
-- TOC entry 3524 (class 0 OID 0)
-- Dependencies: 232
-- Name: materiais_user_id_seq; Type: SEQUENCE SET; Schema: public; Owner: postgres
--

SELECT pg_catalog.setval('public.materiais_user_id_seq', 3, true);


--
-- TOC entry 3525 (class 0 OID 0)
-- Dependencies: 236
-- Name: materiais_user_user_permissions_id_seq; Type: SEQUENCE SET; Schema: public; Owner: postgres
--

SELECT pg_catalog.setval('public.materiais_user_user_permissions_id_seq', 1, false);


--
-- TOC entry 3259 (class 2606 OID 16520)
-- Name: auth_group auth_group_name_key; Type: CONSTRAINT; Schema: public; Owner: postgres
--

ALTER TABLE ONLY public.auth_group
    ADD CONSTRAINT auth_group_name_key UNIQUE (name);


--
-- TOC entry 3264 (class 2606 OID 16451)
-- Name: auth_group_permissions auth_group_permissions_group_id_permission_id_0cd325b0_uniq; Type: CONSTRAINT; Schema: public; Owner: postgres
--

ALTER TABLE ONLY public.auth_group_permissions
    ADD CONSTRAINT auth_group_permissions_group_id_permission_id_0cd325b0_uniq UNIQUE (group_id, permission_id);


--
-- TOC entry 3267 (class 2606 OID 16420)
-- Name: auth_group_permissions auth_group_permissions_pkey; Type: CONSTRAINT; Schema: public; Owner: postgres
--

ALTER TABLE ONLY public.auth_group_permissions
    ADD CONSTRAINT auth_group_permissions_pkey PRIMARY KEY (id);


--
-- TOC entry 3261 (class 2606 OID 16412)
-- Name: auth_group auth_group_pkey; Type: CONSTRAINT; Schema: public; Owner: postgres
--

ALTER TABLE ONLY public.auth_group
    ADD CONSTRAINT auth_group_pkey PRIMARY KEY (id);


--
-- TOC entry 3254 (class 2606 OID 16442)
-- Name: auth_permission auth_permission_content_type_id_codename_01ab375a_uniq; Type: CONSTRAINT; Schema: public; Owner: postgres
--

ALTER TABLE ONLY public.auth_permission
    ADD CONSTRAINT auth_permission_content_type_id_codename_01ab375a_uniq UNIQUE (content_type_id, codename);


--
-- TOC entry 3256 (class 2606 OID 16406)
-- Name: auth_permission auth_permission_pkey; Type: CONSTRAINT; Schema: public; Owner: postgres
--

ALTER TABLE ONLY public.auth_permission
    ADD CONSTRAINT auth_permission_pkey PRIMARY KEY (id);


--
-- TOC entry 3275 (class 2606 OID 16434)
-- Name: auth_user_groups auth_user_groups_pkey; Type: CONSTRAINT; Schema: public; Owner: postgres
--

ALTER TABLE ONLY public.auth_user_groups
    ADD CONSTRAINT auth_user_groups_pkey PRIMARY KEY (id);


--
-- TOC entry 3278 (class 2606 OID 16466)
-- Name: auth_user_groups auth_user_groups_user_id_group_id_94350c0c_uniq; Type: CONSTRAINT; Schema: public; Owner: postgres
--

ALTER TABLE ONLY public.auth_user_groups
    ADD CONSTRAINT auth_user_groups_user_id_group_id_94350c0c_uniq UNIQUE (user_id, group_id);


--
-- TOC entry 3269 (class 2606 OID 16426)
-- Name: auth_user auth_user_pkey; Type: CONSTRAINT; Schema: public; Owner: postgres
--

ALTER TABLE ONLY public.auth_user
    ADD CONSTRAINT auth_user_pkey PRIMARY KEY (id);


--
-- TOC entry 3281 (class 2606 OID 16440)
-- Name: auth_user_user_permissions auth_user_user_permissions_pkey; Type: CONSTRAINT; Schema: public; Owner: postgres
--

ALTER TABLE ONLY public.auth_user_user_permissions
    ADD CONSTRAINT auth_user_user_permissions_pkey PRIMARY KEY (id);


--
-- TOC entry 3284 (class 2606 OID 16480)
-- Name: auth_user_user_permissions auth_user_user_permissions_user_id_permission_id_14a6b632_uniq; Type: CONSTRAINT; Schema: public; Owner: postgres
--

ALTER TABLE ONLY public.auth_user_user_permissions
    ADD CONSTRAINT auth_user_user_permissions_user_id_permission_id_14a6b632_uniq UNIQUE (user_id, permission_id);


--
-- TOC entry 3272 (class 2606 OID 16515)
-- Name: auth_user auth_user_username_key; Type: CONSTRAINT; Schema: public; Owner: postgres
--

ALTER TABLE ONLY public.auth_user
    ADD CONSTRAINT auth_user_username_key UNIQUE (username);


--
-- TOC entry 3287 (class 2606 OID 16501)
-- Name: django_admin_log django_admin_log_pkey; Type: CONSTRAINT; Schema: public; Owner: postgres
--

ALTER TABLE ONLY public.django_admin_log
    ADD CONSTRAINT django_admin_log_pkey PRIMARY KEY (id);


--
-- TOC entry 3249 (class 2606 OID 16400)
-- Name: django_content_type django_content_type_app_label_model_76bd3d3b_uniq; Type: CONSTRAINT; Schema: public; Owner: postgres
--

ALTER TABLE ONLY public.django_content_type
    ADD CONSTRAINT django_content_type_app_label_model_76bd3d3b_uniq UNIQUE (app_label, model);


--
-- TOC entry 3251 (class 2606 OID 16398)
-- Name: django_content_type django_content_type_pkey; Type: CONSTRAINT; Schema: public; Owner: postgres
--

ALTER TABLE ONLY public.django_content_type
    ADD CONSTRAINT django_content_type_pkey PRIMARY KEY (id);


--
-- TOC entry 3247 (class 2606 OID 16392)
-- Name: django_migrations django_migrations_pkey; Type: CONSTRAINT; Schema: public; Owner: postgres
--

ALTER TABLE ONLY public.django_migrations
    ADD CONSTRAINT django_migrations_pkey PRIMARY KEY (id);


--
-- TOC entry 3318 (class 2606 OID 16612)
-- Name: django_session django_session_pkey; Type: CONSTRAINT; Schema: public; Owner: postgres
--

ALTER TABLE ONLY public.django_session
    ADD CONSTRAINT django_session_pkey PRIMARY KEY (session_key);


--
-- TOC entry 3314 (class 2606 OID 16557)
-- Name: materiais_comment materiais_comment_pkey; Type: CONSTRAINT; Schema: public; Owner: postgres
--

ALTER TABLE ONLY public.materiais_comment
    ADD CONSTRAINT materiais_comment_pkey PRIMARY KEY (id);


--
-- TOC entry 3310 (class 2606 OID 16551)
-- Name: materiais_material materiais_material_pkey; Type: CONSTRAINT; Schema: public; Owner: postgres
--

ALTER TABLE ONLY public.materiais_material
    ADD CONSTRAINT materiais_material_pkey PRIMARY KEY (id);


--
-- TOC entry 3291 (class 2606 OID 16533)
-- Name: materiais_user materiais_user_email_key; Type: CONSTRAINT; Schema: public; Owner: postgres
--

ALTER TABLE ONLY public.materiais_user
    ADD CONSTRAINT materiais_user_email_key UNIQUE (email);


--
-- TOC entry 3299 (class 2606 OID 16539)
-- Name: materiais_user_groups materiais_user_groups_pkey; Type: CONSTRAINT; Schema: public; Owner: postgres
--

ALTER TABLE ONLY public.materiais_user_groups
    ADD CONSTRAINT materiais_user_groups_pkey PRIMARY KEY (id);


--
-- TOC entry 3302 (class 2606 OID 16561)
-- Name: materiais_user_groups materiais_user_groups_user_id_group_id_dc5f76d1_uniq; Type: CONSTRAINT; Schema: public; Owner: postgres
--

ALTER TABLE ONLY public.materiais_user_groups
    ADD CONSTRAINT materiais_user_groups_user_id_group_id_dc5f76d1_uniq UNIQUE (user_id, group_id);


--
-- TOC entry 3293 (class 2606 OID 16529)
-- Name: materiais_user materiais_user_pkey; Type: CONSTRAINT; Schema: public; Owner: postgres
--

ALTER TABLE ONLY public.materiais_user
    ADD CONSTRAINT materiais_user_pkey PRIMARY KEY (id);


--
-- TOC entry 3305 (class 2606 OID 16545)
-- Name: materiais_user_user_permissions materiais_user_user_permissions_pkey; Type: CONSTRAINT; Schema: public; Owner: postgres
--

ALTER TABLE ONLY public.materiais_user_user_permissions
    ADD CONSTRAINT materiais_user_user_permissions_pkey PRIMARY KEY (id);


--
-- TOC entry 3308 (class 2606 OID 16575)
-- Name: materiais_user_user_permissions materiais_user_user_permissions_user_id_group_id_602a86ac_uniq; Type: CONSTRAINT; Schema: public; Owner: postgres
--

ALTER TABLE ONLY public.materiais_user_user_permissions
    ADD CONSTRAINT materiais_user_user_permissions_user_id_group_id_602a86ac_uniq UNIQUE (user_id, group_id);


--
-- TOC entry 3296 (class 2606 OID 16531)
-- Name: materiais_user materiais_user_username_key; Type: CONSTRAINT; Schema: public; Owner: postgres
--

ALTER TABLE ONLY public.materiais_user
    ADD CONSTRAINT materiais_user_username_key UNIQUE (username);


--
-- TOC entry 3257 (class 1259 OID 16521)
-- Name: auth_group_name_a6ea08ec_like; Type: INDEX; Schema: public; Owner: postgres
--

CREATE INDEX auth_group_name_a6ea08ec_like ON public.auth_group USING btree (name varchar_pattern_ops);


--
-- TOC entry 3262 (class 1259 OID 16462)
-- Name: auth_group_permissions_group_id_b120cbf9; Type: INDEX; Schema: public; Owner: postgres
--

CREATE INDEX auth_group_permissions_group_id_b120cbf9 ON public.auth_group_permissions USING btree (group_id);


--
-- TOC entry 3265 (class 1259 OID 16463)
-- Name: auth_group_permissions_permission_id_84c5c92e; Type: INDEX; Schema: public; Owner: postgres
--

CREATE INDEX auth_group_permissions_permission_id_84c5c92e ON public.auth_group_permissions USING btree (permission_id);


--
-- TOC entry 3252 (class 1259 OID 16448)
-- Name: auth_permission_content_type_id_2f476e4b; Type: INDEX; Schema: public; Owner: postgres
--

CREATE INDEX auth_permission_content_type_id_2f476e4b ON public.auth_permission USING btree (content_type_id);


--
-- TOC entry 3273 (class 1259 OID 16478)
-- Name: auth_user_groups_group_id_97559544; Type: INDEX; Schema: public; Owner: postgres
--

CREATE INDEX auth_user_groups_group_id_97559544 ON public.auth_user_groups USING btree (group_id);


--
-- TOC entry 3276 (class 1259 OID 16477)
-- Name: auth_user_groups_user_id_6a12ed8b; Type: INDEX; Schema: public; Owner: postgres
--

CREATE INDEX auth_user_groups_user_id_6a12ed8b ON public.auth_user_groups USING btree (user_id);


--
-- TOC entry 3279 (class 1259 OID 16492)
-- Name: auth_user_user_permissions_permission_id_1fbb5f2c; Type: INDEX; Schema: public; Owner: postgres
--

CREATE INDEX auth_user_user_permissions_permission_id_1fbb5f2c ON public.auth_user_user_permissions USING btree (permission_id);


--
-- TOC entry 3282 (class 1259 OID 16491)
-- Name: auth_user_user_permissions_user_id_a95ead1b; Type: INDEX; Schema: public; Owner: postgres
--

CREATE INDEX auth_user_user_permissions_user_id_a95ead1b ON public.auth_user_user_permissions USING btree (user_id);


--
-- TOC entry 3270 (class 1259 OID 16516)
-- Name: auth_user_username_6821ab7c_like; Type: INDEX; Schema: public; Owner: postgres
--

CREATE INDEX auth_user_username_6821ab7c_like ON public.auth_user USING btree (username varchar_pattern_ops);


--
-- TOC entry 3285 (class 1259 OID 16512)
-- Name: django_admin_log_content_type_id_c4bce8eb; Type: INDEX; Schema: public; Owner: postgres
--

CREATE INDEX django_admin_log_content_type_id_c4bce8eb ON public.django_admin_log USING btree (content_type_id);


--
-- TOC entry 3288 (class 1259 OID 16513)
-- Name: django_admin_log_user_id_c564eba6; Type: INDEX; Schema: public; Owner: postgres
--

CREATE INDEX django_admin_log_user_id_c564eba6 ON public.django_admin_log USING btree (user_id);


--
-- TOC entry 3316 (class 1259 OID 16614)
-- Name: django_session_expire_date_a5c62663; Type: INDEX; Schema: public; Owner: postgres
--

CREATE INDEX django_session_expire_date_a5c62663 ON public.django_session USING btree (expire_date);


--
-- TOC entry 3319 (class 1259 OID 16613)
-- Name: django_session_session_key_c0390e0f_like; Type: INDEX; Schema: public; Owner: postgres
--

CREATE INDEX django_session_session_key_c0390e0f_like ON public.django_session USING btree (session_key varchar_pattern_ops);


--
-- TOC entry 3312 (class 1259 OID 16604)
-- Name: materiais_comment_material_id_ce5d7096; Type: INDEX; Schema: public; Owner: postgres
--

CREATE INDEX materiais_comment_material_id_ce5d7096 ON public.materiais_comment USING btree (material_id);


--
-- TOC entry 3315 (class 1259 OID 16605)
-- Name: materiais_comment_user_id_571fe3e4; Type: INDEX; Schema: public; Owner: postgres
--

CREATE INDEX materiais_comment_user_id_571fe3e4 ON public.materiais_comment USING btree (user_id);


--
-- TOC entry 3311 (class 1259 OID 16593)
-- Name: materiais_material_user_id_fa374165; Type: INDEX; Schema: public; Owner: postgres
--

CREATE INDEX materiais_material_user_id_fa374165 ON public.materiais_material USING btree (user_id);


--
-- TOC entry 3289 (class 1259 OID 16559)
-- Name: materiais_user_email_9ff889f5_like; Type: INDEX; Schema: public; Owner: postgres
--

CREATE INDEX materiais_user_email_9ff889f5_like ON public.materiais_user USING btree (email varchar_pattern_ops);


--
-- TOC entry 3297 (class 1259 OID 16573)
-- Name: materiais_user_groups_group_id_a99767b4; Type: INDEX; Schema: public; Owner: postgres
--

CREATE INDEX materiais_user_groups_group_id_a99767b4 ON public.materiais_user_groups USING btree (group_id);


--
-- TOC entry 3300 (class 1259 OID 16572)
-- Name: materiais_user_groups_user_id_5d186157; Type: INDEX; Schema: public; Owner: postgres
--

CREATE INDEX materiais_user_groups_user_id_5d186157 ON public.materiais_user_groups USING btree (user_id);


--
-- TOC entry 3303 (class 1259 OID 16587)
-- Name: materiais_user_user_permissions_group_id_66ca3400; Type: INDEX; Schema: public; Owner: postgres
--

CREATE INDEX materiais_user_user_permissions_group_id_66ca3400 ON public.materiais_user_user_permissions USING btree (group_id);


--
-- TOC entry 3306 (class 1259 OID 16586)
-- Name: materiais_user_user_permissions_user_id_8dd0fd41; Type: INDEX; Schema: public; Owner: postgres
--

CREATE INDEX materiais_user_user_permissions_user_id_8dd0fd41 ON public.materiais_user_user_permissions USING btree (user_id);


--
-- TOC entry 3294 (class 1259 OID 16558)
-- Name: materiais_user_username_367b8d8c_like; Type: INDEX; Schema: public; Owner: postgres
--

CREATE INDEX materiais_user_username_367b8d8c_like ON public.materiais_user USING btree (username varchar_pattern_ops);


--
-- TOC entry 3321 (class 2606 OID 16457)
-- Name: auth_group_permissions auth_group_permissio_permission_id_84c5c92e_fk_auth_perm; Type: FK CONSTRAINT; Schema: public; Owner: postgres
--

ALTER TABLE ONLY public.auth_group_permissions
    ADD CONSTRAINT auth_group_permissio_permission_id_84c5c92e_fk_auth_perm FOREIGN KEY (permission_id) REFERENCES public.auth_permission(id) DEFERRABLE INITIALLY DEFERRED;


--
-- TOC entry 3322 (class 2606 OID 16452)
-- Name: auth_group_permissions auth_group_permissions_group_id_b120cbf9_fk_auth_group_id; Type: FK CONSTRAINT; Schema: public; Owner: postgres
--

ALTER TABLE ONLY public.auth_group_permissions
    ADD CONSTRAINT auth_group_permissions_group_id_b120cbf9_fk_auth_group_id FOREIGN KEY (group_id) REFERENCES public.auth_group(id) DEFERRABLE INITIALLY DEFERRED;


--
-- TOC entry 3320 (class 2606 OID 16443)
-- Name: auth_permission auth_permission_content_type_id_2f476e4b_fk_django_co; Type: FK CONSTRAINT; Schema: public; Owner: postgres
--

ALTER TABLE ONLY public.auth_permission
    ADD CONSTRAINT auth_permission_content_type_id_2f476e4b_fk_django_co FOREIGN KEY (content_type_id) REFERENCES public.django_content_type(id) DEFERRABLE INITIALLY DEFERRED;


--
-- TOC entry 3323 (class 2606 OID 16472)
-- Name: auth_user_groups auth_user_groups_group_id_97559544_fk_auth_group_id; Type: FK CONSTRAINT; Schema: public; Owner: postgres
--

ALTER TABLE ONLY public.auth_user_groups
    ADD CONSTRAINT auth_user_groups_group_id_97559544_fk_auth_group_id FOREIGN KEY (group_id) REFERENCES public.auth_group(id) DEFERRABLE INITIALLY DEFERRED;


--
-- TOC entry 3324 (class 2606 OID 16467)
-- Name: auth_user_groups auth_user_groups_user_id_6a12ed8b_fk_auth_user_id; Type: FK CONSTRAINT; Schema: public; Owner: postgres
--

ALTER TABLE ONLY public.auth_user_groups
    ADD CONSTRAINT auth_user_groups_user_id_6a12ed8b_fk_auth_user_id FOREIGN KEY (user_id) REFERENCES public.auth_user(id) DEFERRABLE INITIALLY DEFERRED;


--
-- TOC entry 3325 (class 2606 OID 16486)
-- Name: auth_user_user_permissions auth_user_user_permi_permission_id_1fbb5f2c_fk_auth_perm; Type: FK CONSTRAINT; Schema: public; Owner: postgres
--

ALTER TABLE ONLY public.auth_user_user_permissions
    ADD CONSTRAINT auth_user_user_permi_permission_id_1fbb5f2c_fk_auth_perm FOREIGN KEY (permission_id) REFERENCES public.auth_permission(id) DEFERRABLE INITIALLY DEFERRED;


--
-- TOC entry 3326 (class 2606 OID 16481)
-- Name: auth_user_user_permissions auth_user_user_permissions_user_id_a95ead1b_fk_auth_user_id; Type: FK CONSTRAINT; Schema: public; Owner: postgres
--

ALTER TABLE ONLY public.auth_user_user_permissions
    ADD CONSTRAINT auth_user_user_permissions_user_id_a95ead1b_fk_auth_user_id FOREIGN KEY (user_id) REFERENCES public.auth_user(id) DEFERRABLE INITIALLY DEFERRED;


--
-- TOC entry 3327 (class 2606 OID 16502)
-- Name: django_admin_log django_admin_log_content_type_id_c4bce8eb_fk_django_co; Type: FK CONSTRAINT; Schema: public; Owner: postgres
--

ALTER TABLE ONLY public.django_admin_log
    ADD CONSTRAINT django_admin_log_content_type_id_c4bce8eb_fk_django_co FOREIGN KEY (content_type_id) REFERENCES public.django_content_type(id) DEFERRABLE INITIALLY DEFERRED;


--
-- TOC entry 3328 (class 2606 OID 16507)
-- Name: django_admin_log django_admin_log_user_id_c564eba6_fk_auth_user_id; Type: FK CONSTRAINT; Schema: public; Owner: postgres
--

ALTER TABLE ONLY public.django_admin_log
    ADD CONSTRAINT django_admin_log_user_id_c564eba6_fk_auth_user_id FOREIGN KEY (user_id) REFERENCES public.auth_user(id) DEFERRABLE INITIALLY DEFERRED;


--
-- TOC entry 3334 (class 2606 OID 16594)
-- Name: materiais_comment materiais_comment_material_id_ce5d7096_fk_materiais_material_id; Type: FK CONSTRAINT; Schema: public; Owner: postgres
--

ALTER TABLE ONLY public.materiais_comment
    ADD CONSTRAINT materiais_comment_material_id_ce5d7096_fk_materiais_material_id FOREIGN KEY (material_id) REFERENCES public.materiais_material(id) DEFERRABLE INITIALLY DEFERRED;


--
-- TOC entry 3335 (class 2606 OID 16599)
-- Name: materiais_comment materiais_comment_user_id_571fe3e4_fk_materiais_user_id; Type: FK CONSTRAINT; Schema: public; Owner: postgres
--

ALTER TABLE ONLY public.materiais_comment
    ADD CONSTRAINT materiais_comment_user_id_571fe3e4_fk_materiais_user_id FOREIGN KEY (user_id) REFERENCES public.materiais_user(id) DEFERRABLE INITIALLY DEFERRED;


--
-- TOC entry 3333 (class 2606 OID 16588)
-- Name: materiais_material materiais_material_user_id_fa374165_fk_materiais_user_id; Type: FK CONSTRAINT; Schema: public; Owner: postgres
--

ALTER TABLE ONLY public.materiais_material
    ADD CONSTRAINT materiais_material_user_id_fa374165_fk_materiais_user_id FOREIGN KEY (user_id) REFERENCES public.materiais_user(id) DEFERRABLE INITIALLY DEFERRED;


--
-- TOC entry 3329 (class 2606 OID 16567)
-- Name: materiais_user_groups materiais_user_groups_group_id_a99767b4_fk_auth_group_id; Type: FK CONSTRAINT; Schema: public; Owner: postgres
--

ALTER TABLE ONLY public.materiais_user_groups
    ADD CONSTRAINT materiais_user_groups_group_id_a99767b4_fk_auth_group_id FOREIGN KEY (group_id) REFERENCES public.auth_group(id) DEFERRABLE INITIALLY DEFERRED;


--
-- TOC entry 3330 (class 2606 OID 16562)
-- Name: materiais_user_groups materiais_user_groups_user_id_5d186157_fk_materiais_user_id; Type: FK CONSTRAINT; Schema: public; Owner: postgres
--

ALTER TABLE ONLY public.materiais_user_groups
    ADD CONSTRAINT materiais_user_groups_user_id_5d186157_fk_materiais_user_id FOREIGN KEY (user_id) REFERENCES public.materiais_user(id) DEFERRABLE INITIALLY DEFERRED;


--
-- TOC entry 3331 (class 2606 OID 16581)
-- Name: materiais_user_user_permissions materiais_user_user__group_id_66ca3400_fk_auth_grou; Type: FK CONSTRAINT; Schema: public; Owner: postgres
--

ALTER TABLE ONLY public.materiais_user_user_permissions
    ADD CONSTRAINT materiais_user_user__group_id_66ca3400_fk_auth_grou FOREIGN KEY (group_id) REFERENCES public.auth_group(id) DEFERRABLE INITIALLY DEFERRED;


--
-- TOC entry 3332 (class 2606 OID 16576)
-- Name: materiais_user_user_permissions materiais_user_user__user_id_8dd0fd41_fk_materiais; Type: FK CONSTRAINT; Schema: public; Owner: postgres
--

ALTER TABLE ONLY public.materiais_user_user_permissions
    ADD CONSTRAINT materiais_user_user__user_id_8dd0fd41_fk_materiais FOREIGN KEY (user_id) REFERENCES public.materiais_user(id) DEFERRABLE INITIALLY DEFERRED;


--
